INSERT INTO characters (id_character, age, history, name, url_image, weight) VALUES ('1', '8', 'Woody, el juguete favorito de Andy, se siente amenazado por la inesperada llegada de Buzz Lightyear, el guardián del espacio.', 'Woody', 'https://static.wikia.nocookie.net/kingdomhearts/images/2/2e/Woody_KHIII.png/revision/latest?cb=20190326204307&path-prefix=es', '0.5');
INSERT INTO characters (id_character, age, history, name, url_image, weight) VALUES ('2', '6', 'Es un superhéroe de juguete y una figura de acción en la franquicia.', 'Buzz Lightyear', 'https://encrypted-tbn0.gstatic.com/images?q=tbn:ANd9GcR-wyQx0hn7zlgfw1V6qrgjV93seHowmpT9Pw&usqp=CAU', '0.5');
INSERT INTO characters (id_character, age, history, name, url_image, weight) VALUES ('3', '10', 'Es el dueño de los juguetes y mejor amigo de Woody y Buzz', 'Andy', 'https://encrypted-tbn0.gstatic.com/images?q=tbn:ANd9GcTIINrjMF0_qPAZEma7x4TFG2z7aAcr2Y6KKw&usqp=CAU', '20');
INSERT INTO characters (id_character, age, history, name, url_image, weight) VALUES ('4', '8', 'Nemo es el hijo de Marilin y esta perdido por el oceano', 'Nemo', 'https://encrypted-tbn0.gstatic.com/images?q=tbn:ANd9GcQhToG80qiCA3e-Xk7LvY8HhxSfyQJRv38X0g&usqp=CAU', '1.2');
INSERT INTO characters (id_character, age, history, name, url_image, weight) VALUES ('5', '20', 'Marlin es un pez payaso, padre de Nemo que esta perdido y junto a Dory atraviesan el oceano para buscarlo', 'Marlin', 'https://encrypted-tbn0.gstatic.com/images?q=tbn:ANd9GcR-lXNoSWfjn9Q-Jg8mvamfHsiL92YHge4_EQ&usqp=CAU', '1.7');
INSERT INTO characters (id_character, age, history, name, url_image, weight) VALUES ('6', '20', 'Dory no tiene buena memoria, pero se hace mejor amiga de Marlin y cruzan el oceano juntos para buscar a Nemo', 'Dory', 'https://encrypted-tbn0.gstatic.com/images?q=tbn:ANd9GcRiphPmmYIu0Oy8OKT0Bv-yXYRmmBMN_Nenfg&usqp=CAU', '1.2');
INSERT INTO characters (id_character, age, history, name, url_image, weight) VALUES ('7', '30', 'Po es un panda y se convierte en el guerrero dragon', 'Po', 'https://encrypted-tbn0.gstatic.com/images?q=tbn:ANd9GcQe-NcQ0fGkc7xbsIxXPMsiIkteccek0YyJJQ&usqp=CAU', '102');
INSERT INTO characters (id_character, age, history, name, url_image, weight) VALUES ('8', '72', 'Él fue estudiante del Gran Maestro Oogway, y es el maestro de los guerreros más grandes de China, incluyendo a Po, los Cinco Furiosos y Tai Lung.', 'Shifu', 'https://encrypted-tbn0.gstatic.com/images?q=tbn:ANd9GcSt2WY1iZhHZBCKVfvab6yaEE95UGKVaLZv4Q&usqp=CAU', '20');
INSERT INTO characters (id_character, age, history, name, url_image, weight) VALUES ('9', '39', 'un multimillonario magnate empresarial y filántropo estadounidense, ingenioso científico, que sufrió una grave lesión en el pecho durante un secuestro en el Medio Oriente.', 'Iron Man', 'https://encrypted-tbn0.gstatic.com/images?q=tbn:ANd9GcR-kozxwc7GxlZTo_YIHor-W0ghh_d-_DMFpQ&usqp=CAU', '70');
INSERT INTO characters (id_character, age, history, name, url_image, weight) VALUES ('10', '10540', 'Thor está buscando la paz interior, pero la irrupción de Gorr, el asesino de dioses, le obliga a volver al combate.', 'Thor', 'https://encrypted-tbn0.gstatic.com/images?q=tbn:ANd9GcRY0O4l76eP08AXxsOwJuFQjyubTuGxroFgmw&usqp=CAU', '77');
INSERT INTO characters (id_character, age, history, name, url_image, weight) VALUES ('11', '10540', 'Thanos es un supervillano ficticio que aparece en los cómics estadounidenses publicados por Marvel Comics', 'Thanos', 'https://encrypted-tbn0.gstatic.com/images?q=tbn:ANd9GcTQx1GM8yog5jZxct88IU17N0BIfYnikPwx4g&usqp=CAU', '550');
INSERT INTO characters (id_character, age, history, name, url_image, weight) VALUES ('12', '41', 'un superhéroe que aparece en los cómics estadounidenses publicados por la editorial Marvel Comics, es considerado el personaje más fuerte de Marvel Comics.', 'Hulk', 'https://encrypted-tbn0.gstatic.com/images?q=tbn:ANd9GcTuGVFnJMDIrVcpaum4R8C-z24-UkowiWpL0g&usqp=CAU', '550');
INSERT INTO characters (id_character, age, history, name, url_image, weight) VALUES ('13', '41', 'Trabaja en una empresa, aunque anteriormente llevaba una doble vida secreta y era conocido como Mr. Increíble, un superhéroe con gran fuerza.', 'Bob', 'https://encrypted-tbn0.gstatic.com/images?q=tbn:ANd9GcRPfZ75A_Unm-M6SLuEYRMFjNj--NpICPSUOA&usqp=CAU', '70');
INSERT INTO characters (id_character, age, history, name, url_image, weight) VALUES ('14', '10', 'Violeta, la hija mayor de Bob y Helen Parr, nace con la capacidad sobrehumana de volverse invisible y generar campos de fuerza', 'Violeta', 'https://encrypted-tbn0.gstatic.com/images?q=tbn:ANd9GcQUzrBcMfu7a5l_GdTJLaIigkCjkePBnodUVQ&usqp=CAU', '21');
INSERT INTO characters (id_character, age, history, name, url_image, weight) VALUES ('15', '39', 'superheroína flexible que es capaz de estirarse hasta 30 mts sin lastimarse o dañar su forma', 'Elastigirl', 'https://encrypted-tbn0.gstatic.com/images?q=tbn:ANd9GcTfyv-zxDS25gwFTwsdcJCxdu6cYTVOloQLrw&usqp=CAU', '55');


INSERT INTO genders (id_gender, name, url_image) VALUES ('1', 'Aventura', 'https://encrypted-tbn0.gstatic.com/images?q=tbn:ANd9GcQ2lVe1jW4ibV0S3alKWP5c8TuOO1INY_pP4qW3wOVOusCvFmj4-yg9by5up-K3TvSK8ro&usqp=CAU');
INSERT INTO genders (id_gender, name, url_image) VALUES ('2', 'Ciencia ficcion', 'https://encrypted-tbn0.gstatic.com/images?q=tbn:ANd9GcQO2T54Z6evSOBIdineGCu-dfal8XmJ84coSw&usqp=CAU');

INSERT INTO movies (id_movie, creation_date, qualification, title, url_image, gender_id) VALUES ('1', '2004-12-26', '5', 'Buscando a Nemo', 'https://encrypted-tbn0.gstatic.com/images?q=tbn:ANd9GcQXZgMrgmvtBBbIB4xMPqFD3DaPtctRNxW4Gg&usqp=CAU', '1');
INSERT INTO movies (id_movie, creation_date, qualification, title, url_image, gender_id) VALUES ('2', '2009-07-11', '5', 'Kung Fu Panda', 'https://encrypted-tbn0.gstatic.com/images?q=tbn:ANd9GcQ6HdLajQNpi8IINQPbBac1d3WMG1JrLr_Oqg&usqp=CAU', '1');
INSERT INTO movies (id_movie, creation_date, qualification, title, url_image, gender_id) VALUES ('3', '2010-01-15', '4', 'Avengers', 'https://encrypted-tbn0.gstatic.com/images?q=tbn:ANd9GcTbdy_r_pgNn4tClOA0Agx9LOL1Xu8WCBZ5Qw&usqp=CAU', '2');
INSERT INTO movies (id_movie, creation_date, qualification, title, url_image, gender_id) VALUES ('4', '2005-05-23', '3', 'Los increibles', 'https://encrypted-tbn0.gstatic.com/images?q=tbn:ANd9GcQIbxE21i1ePAEqTyB-QWIrUUdkkhd8UDssjA&usqp=CAU', '2');
INSERT INTO movies (id_movie, creation_date, qualification, title, url_image, gender_id) VALUES ('5', '1999-08-08', '4', 'Toy Story', 'https://encrypted-tbn0.gstatic.com/images?q=tbn:ANd9GcSFm6laoPLxVKQYvNmWkFoF1xEy1vTb2LoSmQ&usqp=CAU', '1');

INSERT INTO character_movie (id_movie, id_character) VALUES ('5', '1');
INSERT INTO character_movie (id_movie, id_character) VALUES ('5', '2');
INSERT INTO character_movie (id_movie, id_character) VALUES ('5', '3');
INSERT INTO character_movie (id_movie, id_character) VALUES ('1', '4');
INSERT INTO character_movie (id_movie, id_character) VALUES ('1', '5');
INSERT INTO character_movie (id_movie, id_character) VALUES ('1', '6');
INSERT INTO character_movie (id_movie, id_character) VALUES ('2', '7');
INSERT INTO character_movie (id_movie, id_character) VALUES ('2', '8');
INSERT INTO character_movie (id_movie, id_character) VALUES ('3', '9');
INSERT INTO character_movie (id_movie, id_character) VALUES ('3', '10');
INSERT INTO character_movie (id_movie, id_character) VALUES ('3', '11');
INSERT INTO character_movie (id_movie, id_character) VALUES ('3', '12');
INSERT INTO character_movie (id_movie, id_character) VALUES ('4', '13');
INSERT INTO character_movie (id_movie, id_character) VALUES ('4', '14');
INSERT INTO character_movie (id_movie, id_character) VALUES ('4', '15');

INSERT INTO role (id, role_name) VALUES ('1', 'ROLE_USER');
INSERT INTO role (id, role_name) VALUES ('2', 'ROLE_ADMIN');